"","Gene.symbol","logFC"
"1","COL1A2",2.73
"2","COL5A1",1.81
"3","COL1A1",2.37
"4","MUC5AC",-3.46
"5","INHBA",4.35
"6","COL6A3",2.18
"7","MFAP2",2.44
"8","FAM90A2P///FAM90A25P///FAM86B3P///FAM90A1",-2.47
"9","SPARC",1.78
"10","LOC100130872///SPON2",1.46
"11","SERPINH1",2.97
"12","COL8A1",3.17
"13","HOXA13",4.48
"14","COL1A1",2.6
"15","INHBA",4.98
"16","FAP",3.91
"17","COL18A1",1.45
"18","COL18A1",1.44
"19","COL5A2",1.6
"20","GALNT12",-1.16
"21","LIFR",-2.2
"22","KLHL25",1.94
"23","",-2.33
"24","COL3A1",1.34
"25","CDH11",1.54
"26","COL1A1",1.47
"27","C8orf49",-1.77
"28","EDNRA",1.32
"29","ONECUT2",3.39
"30","COL1A2",1.46
"31","COL6A2",1.32
"32","PRRX1",1.92
"33","COL3A1",1.79
"34","COL5A2",1.55
"35","COL3A1",1.3
"36","COL1A2",2.03
"37","VCAN",1.45
"38","LIFR",-2.55
"39","NOTCH3",1.18
"40","VCAN",1.42
"42","HOXA10",4.18
"43","RERE",-2.11
"44","SERPINE2",1.55
"45","ADAMTS2",3.24
"46","GRIA4",-4.04
"47","SULF1",2.65
"48","SPATA31E1",-1.33
"49","FN1",1.69
"50","GPR78///CPZ",3.15
"51","NID2",1.75
"52","FN1",1.75
"53","COL5A1",1.46
"54","FN1",1.71
"55","ZNF57",-1.4
"56","UBL3",-1.68
"57","PDGFRB",1.15
"58","BGN",2.35
"59","LMF1",-1.06
"60","",-1.71
"61","MUC5AC",-1.63
"62","UBE3C",-1.09
"63","",-1.26
"64","COL12A1",1.89
"65","BGN",2.28
"66","",-1.08
"67","PCOLCE",1.44
"68","ANKH",1.87
"69","SEPT11",1.03
"70","LIFR",-3.18
"71","MGC10814",-1.81
"72","",-1.53
"73","SOX4",1.68
"74","FN1",1.74
"75","",-2.31
"76","THY1",2.06
"78","RAB31",1.52
"79","ASB11",-2.75
"80","MDK",1.38
"81","VCAN",1.28
"82","COL5A1",1.46
"84","MAGI1",-1.31
"85","AKR7A3",-2.32
"86","PSAPL1",-2.83
"87","HOTAIRM1",1.5
"88","AKR7A3",-2.47
"89","PRKY///PRKX",1.2
"90","MFSD4A",-3.92
"91","THY1",1.9
"92","THBS2",2.94
"93","COL4A1",1.02
"94","COL4A2",1.14
"95","APOE",1.91
"96","LGALS1",1.21
"97","SULF1",2.42
"98","TIMP1",2.12
"99","FBN1",1.83
"100","IGFBP4",1.73
"102","SOX4",1.28
"103","BICC1",1.49
"105","ONECUT2",2.77
"106","CTSK",1.26
"107","APOC1",1.81
"108","FRMD1",-2.3
"109","HEYL",1.64
"110","C15orf65",-1.56
"111","PLIN5",-1.99
"112","HSPA6",1.07
"113","TGFBI",1.07
"114","HIST1H2BJ",1.97
"115","DLGAP1-AS2",2.73
"116","P4HA3",2.41
"117","HOXB7",2.12
"118","OR2C3",-2.65
"119","PLXDC2",1.15
"120","GATA4",-2.07
"121","SMIM6",-1.67
"122","ALDH6A1",-1.62
"123","BMP1",2.52
"124","DPCR1",-4.83
"125","",-2.05
"126","",-2.38
"127","TRIM50",-2.35
"128","NFE2L2",-1.58
"129","PCSK5",1.44
"130","HYAL1",-2.19
"131","RCN3",1.03
"134","CCDC169",-2.42
"135","COL10A1",3.72
"136","CXADR",-1.24
"137","RAB31",1.41
"139","ACSM3",-2.26
"140","GPNMB",1.85
"142","ZNF703",1.42
"143","TMEM158",1.36
"144","OXCT1",-1.41
"145","HRH1",1.98
"146","SH3GL2",-4.25
"147","NEURL1B",1.24
"148","ADAMTS12",2.41
"149","MEST",1.39
"150","LIF",1.17
"151","",-1.43
"152","CLIC6",-2.65
"153","LOC400940",-1.36
"155","GUCY1A3",1.55
"156","FAM167A-AS1",-3.4
"158","HKDC1",2.8
"159","LOC101928457",-1.96
"160","TEAD4",2.2
"161","GDF15",1.32
"164","MARVELD3",2.14
"165","KIR2DS4",-2.38
"166","SKI",1.11
"167","METTL8",1.01
"169","KLK11",-3
"170","BGN",1.75
"171","",-1.16
"173","CACNA1E",-1.78
"174","FAM107B",-1.02
"175","GUCY1A3",1.58
"177","RND1",-1.3
"178","RNASET2",-1.12
"179","TMPRSS2",-1.91
"181","DUSP10",1.01
"183","BCL2L10",-1.81
"184","",2.32
"185","CASZ1",-1.04
"186","MPC1",-1.25
"188","CTH",-1.38
"189","MUC6",-4.33
"190","COL6A1",1.12
"191","METTL7A",-1.7
"192","MYRF",-1.68
"193","",-2.48
"194","PDLIM7",2.88
"195","JPH2",-2.38
"196","STX12",-1.28
"197","DPCR1",-4.21
"198","SLFNL1",-1.25
"199","THY1",2.1
"200","C9orf66",-2.4
"201","C6orf1",1.9
"202","RCN1",1.18
"204","MIR6836///SNX8",2.22
"205","UBL3",-1.4
"206","",-1.07
"207","RASSF6",-2.03
"208","ACTN1",1.07
"209","FAM107B",-1.08
"210","LOC101928335",-2.74
"211","SFRP4",2.73
"212","EFEMP2",1.02
"213","VSIG1",-3.63
"214","SERPINF1",1.11
"216","CDH11",1.71
"218","FSTL1",1.08
"219","SGPP2",-1.18
"220","",-1.89
"221","DYX1C1-CCPG1///CCPG1",-1.12
"222","RAB27A",-1.23
"223","GALNT5",-1.1
"224","MAGI3",-1.09
"226","MFSD4A",-4.12
"227","CWH43",-2.95
"228","ALDH6A1",-1.69
"230","WIPF3",-1.95
"231","ASPN",2.06
"232","SLC2A12",-1.89
"235","TCEB3",-2.1
"236","IGFBP7",1.38
"237","CNGB3",-2.26
"239","CLEC11A",2.24
"240","AMIGO2",1.62
"241","RAB27A",-1.21
"243","ELOVL6",-1.13
"244","LUM",1.48
"245","",-2.88
"247","ARHGAP25",-2.41
"248","SVIP",-1.05
"249","PELI2",-1.2
"250","SALL4",2.87
"251","SFRP2",3.14
"252","REEP6",2.48
"253","SC5D",-2.03
"254","COL12A1",1.42
"255","RNF144A",1.09
"256","MFSD4A",-4.53
"257","LOC729296",-2.25
"258","COL3A1",1.42
"259","SPPL2B",1.79
"260","CLDN1",2.92
"261","CTHRC1",2.36
"262","AZGP1P1///AZGP1",-3.03
"263","C1orf116",-1.34
"264","FMO5",-2.08
"265","CST1",4.18
"266","VSIG1",-3.68
"267","",-1.75
"268","PLXDC2",1.01
"269","CLDN7",3.45
"270","RAB27A",-1.16
"271","ADTRP",-1.81
"273","CDC25C",-1.44
"274","VCAN",1.46
"275","RIMBP2",-1.59
"277","C19orf47",-1.44
"278","HOMER2",-1.91
"279","CDH3",2.95
"280","HOXB7",1.78
"282","SHROOM3",-1.08
"283","HOXA10",2.7
"284","C1QTNF5///MFRP",1.12
"285","SMIM5",-2
"286","FNDC1",3.27
"288","PGF",1.75
"289","ELL2",-1.23
"290","ALDH6A1",-1.65
"294","LIFR",-2.43
"295","PIEZO1",1.04
"297","AQP4",-5.81
"299","GRK2",-2.09
"301","SFRP2",2.2
"302","SPARC",1.06
"303","FUT9",-3.16
"304","PRKX",1.04
"305","CAMK2N1",3.84
"306","HOTAIRM1",1.3
"307","IL12A-AS1",-2.08
"309","NDUFC1",-1.66
"311","CABP1",-1.85
"313","",-1.44
"314","SUCLG2",-1.01
"315","EPN3",-1.71
"317","SPHK1",1.84
"318","RAB31",1.21
"319","SIGLEC11",-3.52
"320","CYSTM1",-1.62
"322","LRFN4",2.03
"324","PPFIBP2",-1.21
"325","PPP2R3A",-1.92
"327","SLC1A2",-2.77
"330","ALDH1A3",1.48
"331","PBLD",-1.71
"332","WISP1",2.33
"333","FA2H",-1.43
"334","GUCY1B3",1.17
"335","GUCY1A3",1.6
"336","",1.54
"338","RNASE4",-1.65
"339","CAPN9",-2.57
"340","ATP11B",-1.03
"341","",2.18
"342","BEX5",-2.17
"343","C1orf54",1.09
"344","",-1.11
"345","LOC101927533///LOC440867",-1.54
"346","MRPL45P2",-1.68
"347","C1orf210",-1.17
"348","FAM189A2",-1.81
"349","HKDC1",2.6
"350","ZMIZ2",1.1
"351","LOXL2",1.11
"352","STARD10",-1.13
"353","",-1.77
"354","VSIG2",-2.39
"355","PTER",-1.03
"356","HES4",2.21
"357","DCAF12L1",-2.94
"358","RDH12",-2.7
"359","CA2",-2.14
"361","CXCL17",-3.6
"362","BHLHA15",-1.88
"363","KLF15",-1.56
"364","GPRC5C",-1.59
"365","TCF3",-1.29
"366","ACTN1",1.72
"367","SVIP",-1.04
"368","TNFSF11",1.91
"369","AUH",-1.01
"370","PPP2R3A",-1.69
"372","ASTN1",-2.37
"373","MGP",2.41
"374","",-2.2
"375","UMAD1",-1.02
"378","MYOC",-2.32
"379","",-1.76
"380","DOK5",1.01
"382","CLCNKB",-2.53
"386","CFC1",-2.15
"387","IL11",2.9
"389","C3",1.82
"391","UBXN10-AS1",1.7
"392","CWH43",-3.12
"393","PXMP2",-1.6
"394","SIRT5",-1.61
"395","PP7080",-2.2
"396","ARHGAP24",-1.6
"397","",-1.06
"398","PLPP5",-1.09
"399","RNF144A-AS1",-1.23
"400","SLC16A7",-2.57
"402","LUM",1.16
"403","TPCN2",-3.25
"405","RARRES1",2.31
"406","NABP1",1.23
"407","FLNA",1.33
"409","",-1.24
"410","HPS6",-1.96
"411","SERTM1",-1.78
"412","CEBPB",1.26
"413","KCNE2",-5.88
"414","CLDN18",-2.59
"415","GALNT2",1.01
"416","TMEM220",-1.41
"417","OLMALINC///PP7080",-1.85
"418","PACRG",-1.49
"422","SULF2",1.5
"423","ROBO1",1.03
"424","NRP1",1.76
"425","DGKD",-1.42
"426","VSIG2",-2.88
"427","CMTM4",-1.3
"428","RAI14",1.22
"429","LINC00982",-3.22
"430","ELOVL5",1.05
"432","SEMA7A",1.7
"435","TMEM161B",-1.63
"436","CA4",-1.97
"439","",-1.31
"441","HTRA3",1.39
"442","PIAS4",2.16
"443","CLIC6",-3.39
"445","MYRIP",-3.32
"446","SERP2",-1.49
"447","SLC41A2",-1.34
"448","RAB27A",-1.32
"449","",-2.76
"450","ADTRP",-2.23
"451","ONECUT2",3.23
"453","LINC00238",-2.46
"455","GPER1",-2.35
"461","",-2.87
"464","CD109",1.93
"465","",-1.32
"466","SULF1",2.62
"467","KCNJ15",-1.93
"468","ACTN1",1.38
"469","ISLR",1.45
"470","MFSD4A",-1.72
"471","MAST4",-2.46
"472","LEF1",1.32
"473","LAMP2",-1.07
"474","APOE",1.7
"475","SIDT2",-1.13
"476","CNR1",-1.82
"480","CSGALNACT2",1.01
"481","APOC1",2.59
"482","ERO1B",-2.31
"483","",-2.34
"484","BHLHE41",1.22
"485","DNER",-2.85
"486","MIR181A2HG",1.99
"487","CDC14B",-1.02
"488","ZAK",1.04
"489","LMO4",-1.16
"490","ANKRD22",-1.27
"491","LYRM5",-1.68
"492","DHRS7",-1.26
"493","PAIP2B",-2.27
"494","FCGR2C///FCGR2A",-1.38
"495","",-2.26
"496","COBLL1",-1.45
"498","ZNF664-FAM101A///FAM101A",-1.42
"499","IGFBP7",1.05
"500","CYP3A5",-1.5
"502","RAB11FIP2",-1.43
"503","CMTM3",1.74
"504","MYZAP",-1.16
"507","C1orf116",-1.38
"508","LOC101930489///MIR4435-2HG///LINC00152",1.25
"511","TMPRSS2",-2.04
"512","",1.62
"515","LOC202181",-1.16
"516","FBXL13",-2.53
"518","SSTR1",-2.56
"520","CELA2A///CELA2B",-2.34
"521","PMEPA1",1.91
"522","ANKS6",1.91
"523","TRIM74///TRIM73",-2.55
"524","FGD4",-1.34
"525","RAB27A",-1.34
"527","FAM20A",-1.54
"528","CA9",-3.14
"529","ALAD",-1.19
"530","CHP1",-1.34
"531","CLEC11A",1.84
"532","CHRDL2",2.66
"533","MAGI1",-1.01
"534","GPRC5B",-1.41
"535","CXADR",-1.23
"536","SCARB1",1.08
"539","LINC00675",-2.25
"541","S100A4",1.21
"542","CTSC",1.17
"545","VCAN",1.31
"546","LOC285593",-2.14
"548","AEBP1",1.57
"549","RAB27B",-1.62
"550","MMD",1.09
"552","SOSTDC1",-4.6
"553","LOC283194",-1.61
"555","AQP4",-3.56
"556","NUCB2",-1.08
"557","LOC101929570",-2.22
"559","HOMER1",1.02
"560","KIAA1755",1.88
"561","RNASE4",-1.44
"564","MINCR",-1.52
"566","HOXC5",-1.8
"567","LOC100233156///TEKT4P2///MAFIP",-1.32
"568","AGXT",-1.59
"570","PODXL",1.14
"572","TNFRSF11B",2.83
"575","TP53AIP1",-1.08
"576","PDGFD",-1.77
"577","ALDH6A1",-1.53
"579","CA4",-2.37
"580","ZNF682",-1.71
"582","LIPH",-1.12
"583","LOC100129516",-1.64
"584","SYNJ2BP-COX16///COX16",-1.09
"585","LOC101926959",-3.63
"586","VASH1",1.72
"587","SVIL",1.02
"589","LOC101928881",-1.45
"590","SPP1",2.76
"591","WIPF3",-2.36
"593","GDPD5",2.38
"594","DKFZP434K028",-1.18
"595","AGT",1.74
"596","KRTAP2-1",-1.8
"598","MICALL1",-1.08
"599","LPCAT1",1.46
"601","HOXA1",2.35
"602","ERO1B",-1.99
"603","KCNJ15",-2.85
"604","",-1.12
"606","MRGPRG-AS1",-1.61
"608","KCNJ13",-2.79
"609","OLFML2B",1.57
"610","HEPH",1.82
"612","TMED6",-3.53
"614","",-1.87
"615","CHIA",-5.51
"618","CLDN4",3.07
"620","CAB39L",-1.32
"621","AZGP1",-3.71
"623","TNFRSF25",1.35
"624","ALDH3A1",-2.81
"625","UBE2QL1",-2.02
"626","LOX",1.02
"627","MAGI1",-1.73
"628","",-1.63
"629","TMEM92",-1.17
"633","GPRC5C",-1.66
"636","MECOM",-1.38
"638","MAP3K9",1.46
"639","DUT",1.16
"640","CAPN9",-3.03
"641","RAP1GAP2",-1.5
"642","TPD52L1",-1.76
"644","RASSF6",-1.81
"645","",-2.48
"646","EMILIN1",1.28
"647","",1.67
"648","",-2.15
"649","PLEKHO1",1.74
"650","COL3A1",1.86
"651","",-2.38
"652","BMP1",1.79
"654","SLC20A1",1.04
"656","DLGAP1-AS2",1.99
"657","NNT",-1.23
"659","HTRA1",1.23
"660","COL4A1",1.03
"661","SOX4",1.32
"662","LOC100507281",-1.16
"663","MAPRE3",-1.59
"664","GPR161",1.04
"666","LINC01333",-2.21
"668","NABP1",1.11
"670","LEPROT///LEPR",-2.01
"672","CTH",-1.46
"673","PLIN5",-2.52
"675","",-1.04
"676","ARHGEF28",-1.36
"678","",-1.87
"681","RIMBP2",-1.92
"682","RNASE1",-1.77
"684","ZAN",-1.22
"685","SULT1B1",-1.62
"686","",1.23
"687","HRH1",1.01
"688","DGKH",1.33
"690","AFDN",-2.22
"691","",-1.49
"695","",-2.03
"696","CLDN1",2.38
"698","ANTXR1",1.17
"699","PDIA2",-3.58
"700","AQP4",-2.9
"701","DBT",-1.23
"702","",1.28
"704","CCBE1",-2.52
"705","HOMER2",-2.29
"707","COL8A1",2.18
"708","GRAMD1B",-1.09
"710","ADHFE1",-1.55
"712","LOC100506870///LOC283140",-1.1
"713","NUDT1",1.01
"714","BHLHE40",1.02
"715","MUC5AC",-3.23
"717","CARNS1",-2.12
"718","DRD5",-2.56
"719","",-1.31
"720","GXYLT2",1.25
"721","CPA2",-3.8
"722","ADAM28",-1.32
"723","CTNNB1",1.09
"725","PTGER3",-2.07
"726","VSTM2A",-2.56
"727","GPR155",-1.93
"729","DNAI2",-1.87
"731","PPFIA3",1.53
"733","ARHGEF28",-1.24
"734","AGMAT",1.18
"735","DLG3-AS1",-1.12
"736","PLAU",1.37
"737","EHBP1L1",1.76
"739","SLC10A3",1.98
"740","TMEM161B",-1.36
"743","LINC00161",-2.33
"744","",-1.88
"745","LOC284578",-2.27
"746","C11orf87",-1.83
"748","FSCN1",1.76
"749","CNTNAP4",-2.28
"750","FUT9",-2.51
"751","MECOM",-1.41
"752","DYX1C1-CCPG1///CCPG1",-1.03
"753","SRPX2",2.14
"755","TPD52L1",-2.53
"756","C2orf82",1.3
"758","RARS",1.18
"759","",-1.76
"761","LOC100131262",1.35
"762","",-1.03
"764","ITGB8",2.01
"768","CLEC4G",-1.89
"769","SLC25A4",-1.28
"771","",-1.58
"772","BCAP29",-1.89
"773","TIMP2",1.15
"774","LONRF2",-1.05
"776","SNTG1",-2.3
"779","ACADL",-2.24
"781","SBSPON",-1.82
"782","SERHL2",-1.3
"784","IGF2BP3",2.29
"785","ACSM3",-1.85
"786","",-1.44
"787","PLCXD3",-2.95
"788","FAM20A",-1.43
"789","POM121L10P///POM121L8P///POM121L9P",1.73
"791","ADGRG2",-2.96
"792","EPHB2",1.76
"794","SUSD4",-2.08
"795","PTPRE",-1.65
"796","CMTM4",-1.24
"797","ANOS1",1.63
"798","PLLP",-1.38
"799","SLC2A12",-2.66
"800","CYP27A1",2.11
"801","CCKAR",-3.13
"803","PIK3C2A",-1.48
"804","GPR155",-2.57
"805","PFDN4",1.16
"807","GPNMB",1.49
"809","MEIS3",1.16
"811","INTS1",1.02
"813","TMEM171",-2
"814","BTG3",-1.2
"815","FN1",1.56
"816","",-2.64
"819","RAB11FIP2",-1.28
"820","NR2F2",-1.14
"822","CEMIP",2.35
"823","TMEM116",-1.16
"824","FBXO32",1.08
"825","SPACA9",1.58
"827","",-1.22
"828","KLHDC7A",-1.89
"829","CNTD1",-3.39
"831","ZDHHC2",-1.03
"832","",-1.69
"835","IGF2BP3",2.61
"836","LDHD",-1.95
"839","EPM2A",-1.77
"840","TMEM171",-2.01
"841","ACADL",-2.02
"842","",-1.28
"843","COMP",2.11
"844","CPEB3",-2.05
"848","WISP1",2.68
"849","CDC25B",1.29
"851","OR7E14P",-1.01
"852","GLUL",-1.09
"855","LOC400043",-2.04
"856","EGR4",1.85
"858","",-1.63
"859","KRT17///JUP",1.93
"862","TOP1MT",1.04
"863","SLC1A2",-2.08
"864","COL1A1",1.96
"865","ADRB2",-1.19
"867","VGLL1",-1.94
"870","SPP1",2.8
"871","KCNJ15",-2.92
"874","KIAA1191",-1.04
"876","SH3BGRL2",-1.1
"877","KCNQ1DN",-2.24
"878","SLC16A7",-1.69
"879","VSTM2A",-2.54
"880","COL11A1",4.11
"881","MARC2",-1.12
"882","",1.55
"883","TFF1",-2.03
"884","ZFY",-2.64
"885","SORBS2",-1.43
"888","THBS4",2.21
"889","SFRP4",2.52
"890","LMO4",-1.04
"892","EPB41L4B",-1.12
"893","TRIM74///TRIM73",-2.82
"898","TYR",-1.39
"900","INSIG1",-1.3
"902","APLP1",-2.97
"905","",-2.04
"906","DDX49",1.45
"907","PGC",-4.79
"908","LOC101928195///LOC100996643///MTHFD1L",1.15
"909","TLN2",-1.44
"911","EPOR",-1.39
"912","CKM",-4.01
"916","PLEKHG2",2.14
"917","HIPK2",-1.05
"919","FA2H",-1.02
"922","E2F3",1.01
"923","SLC29A2",-1.45
"924","LOC101928916///NNMT",1.42
"927","",-1.93
"928","TRIM2",-2.17
"929","IRS4",-2.13
"930","ZNF85",-1.46
"931","C1orf116",-1.41
"932","SMIM11A",-1.72
"933","FOXS1",1.74
"935","ADAM12",1.82
"937","APOBEC2",-2.02
"941","TCN1",-2.5
"942","NRXN2",1.83
"948","GIT2",1.14
"950","EGR2",1.46
"951","EPN3",-2.14
"952","CNTN3",-2.82
"953","FLJ33534",-1.54
"954","HNRNPA3///HNRNPA3P1",1.05
"955","LUC7L",-1.05
"958","OSR2",2.13
"959","INTS4",-1.95
"960","MIR6836///SNX8",1.43
"963","SLC16A7",-1.94
"968","INSIG1",-1.35
"970","LINC00858",1.91
"971","LOC101927263",-1.96
"974","EPB41L4B",-1.16
"975","LOC100996286",1.41
"976","CYP2U1",-1.53
"977","GRIA3",-2.58
"978","MIR4435-2HG",1.57
"981","",-1.76
"982","ANGPTL2",1.06
"985","",-2.02
"986","PMEPA1",1.83
"988","ADAP1",1.09
"990","",-2.04
"992","KCNJ8",1.08
"993","ZNF385B",-2.44
"995","PTGER3",-3.01
"996","ME1",-2.12
"998","B4GALNT3",-1.55
"999","ATP4A",-6.46
"1002","",-1.09
"1003","FAM150B",-2.44
"1005","DGKZ",1.92
"1006","ARHGEF37",-1.63
"1009","PDILT",-4.05
"1010","LIMCH1",-1.07
"1011","ANKRD22",-1.34
"1012","PYGB",-1.55
"1013","MAGI3",-1.08
"1014","MAP3K10",-1.52
"1015","RUBCN",-1.73
"1016","LINC00982",-2.68
"1017","UPP1",1.88
"1020","GCNT2",-2.11
"1022","NNT",-1.22
"1024","CYB5R1",-1.39
"1026","LINC01343",-1.29
"1027","",-2.13
"1028","FBN1",1.16
"1030","MAATS1",-1.44
"1031","PPID",-1.01
"1032","LYRM5",-1.16
"1033","SGK1",-1.16
"1034","",-1.24
"1035","AVP",-1.89
"1036","DYX1C1-CCPG1///CCPG1",-1.07
"1037","RASSF6",-1.44
"1038","",-2.01
"1039","RTKN",1.06
"1041","",-2.05
"1043","FAM13A",-1.12
"1044","FMO6P",-1.82
"1045","CYP3A5",-1.25
"1046","",-1.03
"1049","DNM1",1.39
"1050","GLUL",-1.6
"1052","HYI-AS1",-1.79
"1053","SGK2",-1.42
"1054","GALNT5",-1.31
"1055","RGMB",-1.55
"1058","ABCC5",-1.16
"1061","NXT2",-1.13
"1064","TTC6",-1.95
"1067","DOC2B",-1.67
"1070","CCKBR",-3.56
"1072","",-1.86
"1076","C10orf62",-1.54
"1078","MAL",-2.35
"1079","ANO5",-1.52
"1080","ITGBL1",1.44
"1084","",-2.83
"1086","TKFC",-1.06
"1089","EDDM3A",-2.23
"1090","GATA4",-1.57
"1091","PDLIM7",1.79
"1093","SEMA3F",-1.63
"1094","CKMT2",-2.95
"1095","COL4A2",1.03
"1096","RNLS",-1.51
"1097","",-1.01
"1098","",-1.06
"1102","MFGE8",1.12
"1106","MSH5-SAPCD1///SAPCD1///MSH5",1.04
"1109","MTUS1",-1.01
"1110","COL11A1",3.38
"1111","UBE2J2",-1.78
"1112","IL24",2.08
"1113","ATP4B",-5.91
"1117","COBLL1",-1.4
"1121","",-1.6
"1122","ARHGEF28",-1.24
"1123","EPB41L4A",-1.32
"1124","TSPAN16",-1.5
"1125","SH3RF3",1.37
"1128","HOXB7",1.91
"1129","FOXN4",-1.62
"1130","ARHGEF28",-1.16
"1131","TCF4",1.31
"1132","SIRPG",-2.07
"1133","TPBGL",-1.09
"1135","RIN3",1.72
"1136","ASMTL-AS1",-1.48
"1140","AQP4",-4.38
"1142","ZNF169",-1.71
"1143","MUC5AC",-3.54
"1144","SPIC",-2.45
"1145","LINC01314",-2.77
"1149","PGC",-3.64
"1150","SOCS2",-1.18
"1154","METTL7A",-1.76
"1156","RASSF10",-1.4
"1163","PBRM1",-1.18
"1164","OTUD7B",-1.02
"1165","MEI1",-1.17
"1167","SLC26A9",-3.01
"1168","LOC100287413///GLYATL1",-1.82
"1170","CYP3A43",-1.69
"1172","RASSF4",1.01
"1174","HPGD",-2.04
"1175","C14orf180",-1.66
"1176","DDB2",1.14
"1177","WIPF3",-2.58
"1178","",1.34
"1179","SLC16A7",-2.34
"1180","NES",1.21
"1185","LINC00982",-2.33
"1187","COL5A3",1.66
"1188","FAM124B",1.86
"1189","NKX3-1",-1.48
"1190","NRP2",1.21
"1192","NEDD4L",-1.21
"1194","RASEF",-1.17
"1199","NECTIN3",-1.16
"1200","ATP2A2",-1.22
"1204","ARHGAP42",-1.87
"1206","CLDN18",-3.33
"1207","PTPRZ1",-2.22
"1208","TRIM50",-4.03
"1210","AKR1C3",-1.2
"1211","IGFBP2",-1.8
"1212","FGA",-1.65
"1213","ISM1",2.04
"1217","",1.82
"1218","TDO2",2.06
"1219","",-1.79
"1220","EDN1",-1.03
"1221","PRKACB",-1.45
"1225","KCNJ13",-2.64
"1226","UBIAD1",-1.86
"1227","",1.28
"1228","OGT",-1.63
"1229","RUNX2",-1.75
"1230","FAM46C",-1.49
"1231","ZNF729///ZNF43",-1.1
"1233","",-1.59
"1234","GPER1",-2.72
"1235","ANXA9",1.8
"1238","WWC1",-1.04
"1241","LEPROT///LEPR",-1.98
"1242","SHISA6",-1.2
"1243","MUM1L1",-2.37
"1244","FZD2",1.29
"1246","HMGN2P46",-1.13
"1248","FBP2",-3.83
"1249","DIAPH3",-1.11
"1252","LCAT",1.47
"1253","IP6K3",-1.63
"1254","SPRNP1",-1.09
"1257","ATP11A",1.13
"1258","SKAP2",1.21
"1260","ANG",-1.4
"1261","ACAT1",-1.04
"1262","KIAA1804",-1.13
"1267","MGAT4C",-2.39
"1268","MYH8",-1.35
"1269","KMT2C",-1.2
"1273","SPINK2",-2.51
"1276","",-2.13
"1277","TEX43",-2.19
"1279","ACVR1B",-1.58
"1280","ANGPTL3",-2.48
"1281","PCED1B",1.01
"1282","IFNL2",-1.68
"1283","",-1.57
"1284","ATP4B",-2.55
"1287","MLLT6",-1.54
"1288","",1.03
"1289","",1.47
"1293","GRAMD1C",-1.3
"1294","AKNAD1",-1.55
"1298","GHRL",-3.51
"1299","LOC101930361///LOC101929970///CHRFAM7A///CHRNA7",-1.12
"1301","MT1M",-3.54
"1303","TFPI",1.1
"1305","C7orf26",-1.51
"1307","DEFA4",-1.01
"1308","PHYHD1",-1.42
"1310","CTSL",1.01
"1311","IL19",-2
"1317","PVR",-1.58
"1318","CREB3L1",-1.49
"1319","MESP2",-1.93
"1320","COBLL1",-2.3
"1322","NUB1",-1.96
"1323","MAOA",-1.04
"1324","LOC100996542",-2
"1325","PCSK5",1.72
"1327","SLC39A10",1.06
"1328","PMEPA1",1.82
"1333","EMX2OS",-1.08
"1335","SBSPON",-1.76
"1336","CPXM1",2.6
"1337","HOXA-AS2",2.28
"1341","RRS1-AS1",-2.18
"1343","HPGD",-2.24
"1347","HPGD",-2.4
"1349","PARPBP",1.04
"1350","CBLC",1.71
"1354","MIR29C///MIR29B2",-1.46
"1355","SCGB2A1",-2.79
"1357","B4GALNT3",-2.02
"1358","",-2.08
"1361","FNDC5",-2.64
"1365","HDC",-2.24
"1366","TEAD4",1.22
"1367","SGO2",1.04
"1369","NEDD4L",-1.43
"1370","FAM231D///LOC388692",-1.4
"1371","ENG",1.2
"1373","CHRM3",-1.66
"1374","SDS",1.92
"1376","GUCA2B",-3.11
"1377","TTYH3",1.02
"1378","TIMP2",1.1
"1380","THOC6",1.1
"1381","GRK7",-2.43
"1382","C16orf89",-3.07
"1383","TMEM44",1.27
"1384","",-1.03
"1387","LOC101928525",-1.15
"1388","PIDD1",1.53
"1389","",-1.9
"1392","CYP3A43",-1.33
"1395","LOC100506860",-1.57
"1396","",-1.62
"1397","",-1.01
"1398","NUP188",-1.77
"1399","SIDT2",-1.11
"1400","",-1.62
"1404","ARHGAP24",-1.49
"1406","ITPK1",-1.68
"1407","GKN1",-5.49
"1408","AKR1B10",-2.38
"1409","FAM26E",1.35
"1411","AGTRAP",1.17
"1414","ZNF740",1.52
"1417","ENAH",-1.8
"1418","DUOX1",-1.91
"1420","EPHB3",-1.47
"1421","LOC101928916///NNMT",1.53
"1422","",-1.21
"1424","MIR1292///SNORD110///SNORD86///SNORD57///NOP56",1.11
"1425","KCNJ16",-1.95
"1426","",-2.16
"1427","UBTF",-1.24
"1429","LOC101927790",-1.53
"1432","MAP4K4",1.02
"1434","NPY",-1.05
"1435","SLC16A7",-1.86
"1436","PTER",-1.04
"1442","",-2.22
"1444","PPP1R36",-1.13
"1446","",-1.78
"1447","SERPINA2",-1.49
"1448","PTPRT",-1.72
"1451","FMO5",-1.42
"1455","SPATA19",-1.56
"1456","LZTS1",-1.28
"1458","KLHL7",1.18
"1461","GATA6-AS1",-2
"1463","ADAM28",-1.69
"1464","",-1.54
"1467","C20orf197",2.34
"1469","TRIO",1.27
"1472","PRRX1",1.54
"1476","ADRA1A",-1.46
"1477","ENPP1",-1.46
"1478","PBLD",-1.58
"1479","RARRES1",2.06
"1481","MRPL55",-1.56
"1482","NKD1",-1.02
"1484","GALM",1.27
"1486","",-1.17
"1487","PHKG2",-1.88
"1489","ALDOB",-1.12
"1490","TRPM3",-1.87
"1493","SST",-4.29
"1494","DNAJB13",-1.26
"1495","",-2.16
"1496","FLNA",1.26
"1498","PCDHB1",-1.05
"1499","C20orf27",2.04
"1502","KRT80",1.9
"1503","PCAT18",-1.93
"1509","RRAGD",1.05
"1510","LIPF",-5.53
"1511","NRK",2.38
"1512","LIPG",1.32
"1514","CENPF",1.84
"1516","COL2A1",-3.32
"1517","PADI2",1.67
"1518","TEKT5",-1.33
"1521","IQCH",-1.39
"1523","MT1G",-2.39
"1524","GATA5",-2.81
"1525","PACSIN1",-1.07
"1528","TMEM125",-1.01
"1532","NTN4",-1.16
"1534","",1.18
"1537","TKT",1.04
"1539","",-1.09
"1541","",-1.45
"1542","PKNOX2",-1.6
"1544","ENPP6",-1.69
"1546","MYH7B",-1.77
"1547","SLC16A10",-2.33
"1549","LOC286191",-2.19
"1550","KRT17///JUP",2.78
"1551","ZNF385B",-2.59
"1555","VSTM2A",-1.81
"1556","LINC01128",1.33
"1558","POLB",-2.25
"1559","GPT2",-1.5
"1560","CCND2",1.12
"1562","HOXA13",1.38
"1563","MMP11",1.65
"1564","BCL2L15",-1.18
"1569","BHLHE22",1.09
"1570","ITGAX",1.32
"1571","CHSY3",1.38
"1572","LOC101927651",-1.34
"1573","TOX",-1.38
"1574","CYP2S1",-1.51
"1576","CCDC157",-1.45
"1577","RDH8",-1.64
"1578","PYGO1",-1.9
"1579","S100A10",1.25
"1580","SPAG5",1.38
"1585","TFF2",-3.48
"1586","NEK1",-1.31
"1588","CCBE1",-1.24
"1589","PLXNB1",1.96
"1591","ADARB1",-2.05
"1592","CELA3B",-2.57
"1593","",-1.87
"1594","CAMK2B",-1.5
"1595","ARPC1B",1.15
"1596","",1.47
"1597","TMPRSS2",-1.1
"1600","ADA",-1.34
"1601","",-1.48
"1603","PYM1",-2.15
"1605","",1.26
"1609","LCN6",-1.54
"1611","CASR",-1.61
"1613","SLC38A5",-1.11
"1614","ASGR1",1.89
"1616","",-1.44
"1620","IQCH",-2.03
"1622","TIMM17B",-2.16
"1623","",1.61
"1624","LOC101927495",-1.32
"1626","FANCB",1.81
"1627","FGD4",-1.4
"1631","DPYSL3",1.19
"1632","MYL1",-1.64
"1633","OSCAR",1.64
"1635","SUGT1P1",-1.51
"1638","ATP6V0E2-AS1",-1.81
"1639","KIF26B",1.52
"1640","LEPROT///LEPR",-1.66
"1641","IQGAP2",-1.28
"1643","WDR72",2.59
"1645","EPN1",-1.12
"1649","LOC101060400",1.55
"1650","GPR155",-2.34
"1651","ERBB4",-2.27
"1652","MBP",-1.19
"1653","CSHL1",-2.24
"1654","BPIFA3",-1.63
"1656","POC1A",1.11
"1661","FMNL3",1.96
"1662","KIAA1958",-1.56
"1663","PTGIR",-1.51
"1664","PLD4",1.5
"1666","",-1.5
"1667","",1.31
"1671","ATE1",-1.46
"1674","GCNT2",-1.64
"1676","EPHB2",1.64
"1677","LDHB",-1.13
"1679","",-1.52
"1682","RASAL2",1.54
"1685","ATP4B",-2.36
"1686","PTPRN2",-1.17
"1690","SBSPON",-1.85
"1692","AOX2P",-1.87
"1693","SYTL2",-1.27
"1694","HCG8///ZNRD1ASP",-1.99
"1696","CHGB",-2.36
"1699","GPX3",-1.2
"1700","RPS6KA6",-1.58
"1701","KIAA1324",-2.31
"1702","ZBED3-AS1",-1.6
"1703","TWIST1",1.53
"1705","",-1.99
"1709","",1.34
"1711","",-1.18
"1712","PSCA",-3.17
"1714","",-2.13
"1715","OASL",-1.24
"1716","CNGA1",-1.38
"1717","PLCXD3",-2.03
"1719","GABRB3",-1.91
"1723","LINGO1-AS1",-1.31
"1724","ZNF573",-1.59
"1727","LDB2",-1.41
"1728","ASPA",-2
"1729","KIF12",1.56
"1730","MYO1B",1.11
"1732","SCNN1G",-3.12
"1733","LINGO2",-1.23
"1734","EIF5A2",-1.2
"1735","SLC16A10",-2.09
"1736","ANKRD24",-1.47
"1737","LINC01520",-2.06
"1738","SULF2",1.31
"1740","WIPI2",-1.69
"1745","ACSL1",-1.08
"1747","",-1.63
"1752","",-1.98
"1753","SLC7A8",-1.03
"1754","CCDC159",-1.25
"1756","DPT",-1.55
"1758","MPC2",-1.07
"1766","NDUFC2-KCTD14///KCTD14",-1.22
"1768","FKBP10",2.02
"1769","SLC17A4",1.41
"1770","",1.19
"1771","DERL2",-1.09
"1772","SMPD3",-1.19
"1773","C11orf63",1.3
"1782","CXADR",-1.23
"1783","ACVR2B-AS1",-1.51
"1784","LOC101928614",-1.45
"1785","CALD1",1.1
"1786","LGI1",-2.27
"1792","KCNJ15",-2.01
"1794","MIR6787///SLC16A3",1.01
"1798","KIFC2",1.94
"1801","PTPRS",-1.97
"1803","RARRES1",2.15
"1805","GRIP2",-1.62
"1808","GULP1",-1.27
"1810","",-2.27
"1811","ERICH1",-1.23
"1812","",-1.27
"1814","BCAT1",1.06
"1815","RGN",-1.6
"1820","NR2F2",-1.11
"1821","",-1.73
"1822","C17orf47",-1.52
"1823","KLHDC8A",-1.83
"1824","PDGFD",-1.44
"1825","LYPD6B",-1.9
"1826","CST4",1.72
"1827","SLC13A4",-1.07
"1831","IL34",-1.01
"1836","PDK4",-2.01
"1837","CRLS1",-1.09
"1841","LOC102725271///NTM",1.34
"1842","INTS3",-1.55
"1844","",-1.77
"1845","PPP4R4",-1.46
"1846","PIK3R2",-1.34
"1849","MYCN",-1.35
"1851","CYP2C18",-2.13
"1853","SERPINI1",-1.19
"1854","PES1",1.02
"1857","CLDN18",-3
"1858","ITGA7",1.97
"1859","BPIFB2",-1.52
"1860","ALDH1A1",-2.19
"1861","",-1.03
"1862","VRTN",-1.5
"1863","PLAC8",-1.86
"1864","AHCYL2",-1.09
"1866","KLHL23",1.56
"1873","THAP10",-1.08
"1874","LOC100419741",-1.24
"1875","FNDC5",-1.09
"1877","TPD52L2",1.08
"1878","GIF",-5.75
"1880","",-1.34
"1884","EFCAB12",-1.69
"1886","GREM2",-1.62
"1887","PMCH",1.76
"1888","ASXL3",-1.81
"1889","MELTF",1.39
"1894","LINC01314",-2.01
"1896","ASCL1",-1.59
"1898","",-1.1
"1901","IGFALS",-1.37
"1904","CLRN3",3.19
"1909","ARL10",1.32
"1911","LINC01123///LINC01106",1.43
"1912","",-1.4
"1917","COL4A5",-1.41
"1918","",-1.7
"1922","COLGALT1",1.42
"1923","",1.26
"1932","DUSP21",-1.86
"1933","SH3PXD2A-AS1",1.87
"1935","SLC13A3",-1.03
"1936","FAM13A",-1.12
"1939","GLTSCR2",-1.04
"1940","GNAO1",1.31
"1941","",1.14
"1944","ESRRG",-4.37
"1945","CIRBP-AS1",-1.15
"1947","BAX",1.08
"1949","ANKRD9",-1.34
"1950","",-1.65
"1952","MAST1",-2.16
"1955","TNNI3K",-1.05
"1957","",1.24
"1958","LINC01304",-1.5
"1960","C5orf49",-1.78
"1964","ESRRB",-1.34
"1966","LOC728175",-1.88
"1967","RAP1GAP",-1.67
"1969","KCNQ1",-1.84
"1971","SNX29",1.28
"1972","HTR6",-1.13
"1973","MIR142",1.97
"1975","PALM3",-2.42
"1981","DPYSL3",1.33
"1982","FBXO32",1.17
"1984","EHD2",1.71
"1986","CYP4B1",-2.69
"1987","COCH",1.63
"1988","",-2.48
"1989","SNX32",-1.34
"1991","ITGBL1",1.3
"1993","SIRPA",1.2
"1995","KIAA1324",-2.11
"1996","SPOCK1",1.56
"1997","FAM13A",-1.04
"2001","TNFSF9",1.52
"2002","TIFA",-1.17
"2003","SLC37A2",1.05
"2004","RAB11B-AS1",-1.23
"2006","GRM5",-1.59
"2007","CHGA",-3.49
"2009","ARFGAP1",1.14
"2010","SEMA3D",-1.82
"2012","TRIM65",-1.15
"2014","RAB27B",-1.24
"2015","ZNF396",-2.09
"2016","SATB2-AS1",-1.79
"2017","ULBP2",1.89
"2020","ADGRE1",-1.22
"2021","CYP2C18",-1.7
"2024","FGD6",1.46
"2025","COLCA1",-2.03
"2027","",1.66
"2028","",-1.28
"2033","",-1.53
"2034","P3H4",1.26
"2035","ADA",-1.27
"2037","RAPGEF4",-1.07
"2038","NR5A2",1.26
"2041","CD9",1.17
"2042","FANCC",-1.88
"2043","PTGER3",-1.36
"2049","LINC01105",-2.81
"2052","ASXL3",-1.58
"2055","UNC5A",-1.21
"2059","",1.37
"2060","NDUFC2-KCTD14///KCTD14",-1.19
"2062","",-1.27
"2063","MDFI",1.49
"2065","FUT9",-4.28
"2068","PROSER2-AS1",-1.52
"2072","",-1.44
"2073","GLUL",-1.35
"2077","COL12A1",1.57
"2081","PIGR",-1.53
"2082","LDHB",-1.08
"2084","SNORA70///RPL10",-1.29
"2086","CCDC80",1.28
"2087","",-1.7
"2088","",-1.57
"2089","ADAM12",1.61
"2098","",-1.82
"2099","PDPN",1.09
"2103","KCNA1",-1.44
"2104","SOX9-AS1",-1.57
"2105","",-1.94
"2106","C20orf27",1.25
"2107","BACH1",-1.79
"2110","RHD",-2.09
"2111","ACVR1C",-1.15
"2117","SLC6A13",-1.63
"2118","NOSTRIN",-1.22
"2119","FLNA",1.19
"2120","",-1.05
"2121","TNFSF4",1.14
"2122","SPINK7",-2.28
"2123","GULP1",-1.84
"2127","F2R",1.24
"2128","ITGB1BP2",1.38
"2132","EPHA6",-1.88
"2133","ARX",-2.2
"2136","KIT",-1.35
"2138","",-1.6
"2142","GABRB3",-2.22
"2143","GHR",-1.29
"2144","KCNJ5",-1.18
"2148","LOC102723380",-1.28
"2149","MPL",-1.32
"2151","PDX1",-1.82
"2154","ADH7",-2.11
"2157","CKB",-1.9
"2158","LOC105376379",-1.37
"2159","CHRM3",-1.65
"2161","MT1F",-1.83
"2162","CHAD",-1.79
"2164","ID4",-1.15
"2165","KRT7",2.63
"2173","MEIOB///LINC00254",-1.69
"2174","FARP1",-2.13
"2176","C11orf44",-1.91
"2177","KCNQ5",-2.04
"2180","LTB4R2",-1.81
"2181","PHOSPHO2-KLHL23///KLHL23",1.09
"2189","",-1.12
"2191","DAZ4///DAZ2///DAZ3///DAZ1",-3.88
"2193","",1.13
"2195","NAP1L4",1.09
"2199","SDCCAG3",-1.57
"2201","TSPAN12",-1.16
"2202","ARHGAP45",1.28
"2203","TNFRSF25",1.18
"2207","ELL2",-1.06
"2208","DUSP19",-1.49
"2209","ACKR4",-1.48
"2210","KCNJ15",-2.35
"2212","ESRRG",-3.48
"2213","AJAP1",-1.81
"2214","OPN4",-1.06
"2217","GKN2",-5.44
"2218","SEPP1",-1.41
"2219","NRG4",-2.6
"2221","PNLIPRP2",-2.33
"2225","LOC101928269///LOC100506403///RUNX1",1.39
"2226","LOC644090",-1.95
"2227","",-1.54
"2231","RPS6KA6",-2
"2233","DUSP19",-1.99
"2234","MCM5",1.11
"2238","KDM6B",1.64
"2240","MT1F",-1.93
"2246","PADI1",-1.21
"2255","PKIB",-1.6
"2257","ARFGEF3",-1.5
"2258","IRX2",-3.5
"2259","",-1.27
"2261","CAPN13",-1.79
"2263","SLC1A2",-1.93
"2264","BAG2",1.02
"2265","TNFRSF10B",1.73
"2267","FAM19A2",-1.91
"2275","BLVRA",1.14
"2276","MLLT11",1.07
"2279","LOC101928035",-1.89
"2280","COL12A1",1.08
"2281","EPPK1",1.1
"2283","LOC101928632",-1.09
"2285","",-1.5
"2286","RSPH6A",-1.36
"2287","CEP44",-1.18
"2288","FMO5",-1.81
"2291","DPEP3",-1.5
"2293","KIAA1324",-2.59
"2294","LOC101930349///LOC101930344///CGNL1",-1.3
"2298","",-1.02
"2301","THBS1",1.42
"2303","LZTS1",1.43
"2305","LOC101927051",-1.02
"2307","MTURN",-1.07
"2314","SIGLEC11",-2.46
"2315","NR2F2",-1.05
"2316","",-1.06
"2317","P2RX2",-1.05
"2318","RNF128",-1.24
"2319","LIPJ",-2.44
"2320","",-1.61
"2321","LINC01226",-1.14
"2323","GIMAP5",-1.49
"2326","MT1E",-1.65
"2328","",-1.75
"2335","COL2A1",-3.31
"2341","ANTXR1",1.83
"2347","CFAP69",-2.11
"2348","MEX3C",-1.08
"2349","SH2D6",1.22
"2354","CLIP1-AS1",-1.43
"2355","GPR161",1.77
"2356","NKX2-3",-1.49
"2357","ACHE",-1.11
"2359","ATP8A1",-1.54
"2360","LOC101928167",-1.9
"2367","",-1.27
"2373","EDDM3A",-1.96
"2375","PPARGC1A",-1.87
"2376","HMGB3P1",1.49
"2377","GULP1",-1.17
"2378","TFAP2B",-1.55
"2379","PCDHB8",1.7
"2380","KLHL29",1.18
"2384","RORC",-1.74
"2391","DUSP19",-1.29
"2394","C9orf152",-1.46
"2396","GUCA1C",-2.23
"2399","GSTA3",-2.25
"2400","LINC00982",-2.63
"2401","ZBTB7C",-1.7
"2405","SH3RF2",-1.66
"2406","DGCR12",-1.96
"2407","ZBTB10",-1.67
"2409","SCNN1B",-2.12
"2413","",-1.52
"2415","PLA2G1B",-1.66
"2421","PSEN1",-1.67
"2425","NR2E3",-1.53
"2426","HAVCR2",1.43
"2430","TGM2",1.13
"2433","",1.41
"2434","CD84",-1.32
"2435","SPATA17",1.69
"2440","MAOA",-1.02
"2441","",-1.16
"2445","UBE2S",1.01
"2446","",-1.52
"2447","PTGDR2",-1.31
"2449","KIAA2022",-2.02
"2454","MEG3",1.51
"2456","MYO1H",-1.57
"2459","B3GAT1",-2.97
"2460","CAPN13",-3.22
"2463","SBF1",1.36
"2465","GDPD1",-1.04
"2466","",-1.31
"2467","SLC9A7",-1.42
"2472","AHR",1.18
"2474","AHCYL2",-1.08
"2475","LOC100129129",-1.59
"2476","KIAA1456",-1.11
"2477","",-1.95
"2479","LAT",1.46
"2481","",-1.03
"2482","MPP7",-1.7
"2483","",1.36
"2485","HPGD",-1.28
"2486","",1.25
"2488","",-1.01
"2489","SLITRK6",-1.13
"2493","ZNF335",1.26
"2494","COL10A1",2.44
"2496","CLDN15",1.86
"2497","KLHL41",1.85
"2499","",-1.66
"2502","PP12613",-1.77
"2503","LOC399884",-1.45
"2504","AIM1L",2.25
"2506","HOXA13",2.56
"2507","LIPJ",-2.09
"2508","PLPPR4",1.34
"2510","SYTL5",-1.78
"2512","KIAA0895",-1.34
"2514","COL6A5",-1.75
"2516","",-2.23
"2517","PITPNC1",-1.18
"2522","TEX9",-2.06
"2527","CYP4X1",-1.88
"2530","KNG1",-1.91
"2532","ECI2",-1.27
"2538","LOC101928995",-1.84
"2540","UGT2B15",-2.71
"2541","AQP4",-3.36
"2544","SLC30A5",-1.04
"2546","OR10A4",-1.62
"2549","HMGN5",-1.3
"2550","DEPTOR",-1.05
"2552","",-1.47
"2553","",-1.67
"2554","ATF7IP2",-1.15
"2556","LOC105372793",-1.88
"2560","PCSK5",1.15
"2561","MASP2",1.06
"2562","CST2",1.59
"2564","B3GNT6",-2.37
"2569","KCNJ16",-3.89
"2571","",-1.73
"2572","FOLR1",-2.37
"2574","SLC16A10",-2.06
"2577","NR2F2",-1.01
"2578","KCND3",-1.28
"2579","SULT2A1",-2.25
"2582","MASP1",-1.36
"2583","KIAA1958",-1.07
"2584","",-1.71
"2585","LLGL1///FLII",1.33
"2588","ARHGAP22",1.71
"2589","EGOT",1.3
"2590","CEACAM6",2.43
"2591","ITGA5",1.24
"2595","TNFRSF4",1.67
"2597","DKFZP761C1711",-1.72
"2603","ZNF251",1.12
"2607","MROH1",1.87
"2608","LOC100506470",-1.03
"2611","GOLM1",-1.51
"2612","PLCL2",-1.02
"2615","",-1.2
"2620","PM20D1",-1.37
"2621","AVPR1B",-1.57
"2628","CD36",-1.11
"2629","PIWIL2",-1.34
"2630","SREK1",-1.61
"2631","",-1.74
"2633","CABP1",-1.57
"2634","KITLG",-1.03
"2635","",-1.69
"2638","SYBU",-1.17
"2639","KCNK15",-1.3
"2642","GPLD1",-1.35
"2647","",-1.48
"2649","",-1.63
"2650","PCDH11Y///PCDH11X",-1.59
"2651","GABRB3",-1.66
"2653","LOC401442",-1.09
"2655","KLF16",1.48
"2657","PPP2R3A",-1.44
"2659","PPP2R2C",1.44
"2660","TMEM165",-1.65
"2661","RFFL",-1.53
"2670","",-1.28
"2674","MIR100HG",1.38
"2675","",-1.41
"2676","",-1.15
"2677","",-1.86
"2680","LINC00486",-1.61
"2681","",-1.61
"2683","PTCRA",-1.48
"2691","",-1.84
"2695","SEMA3B",-1.84
"2697","",1.23
"2699","L3MBTL4",-1.61
"2703","TAS2R38",-1.69
"2704","SHOX",-1.09
"2706","YIF1B",-2.41
"2711","PKP1",-1.58
"2712","PRKACB",-1.06
"2713","ACER2",-2.1
"2715","CD209",-1.81
"2716","CYP2C9",-1.73
"2718","",2.57
"2720","HSD3B1",-1.72
"2722","EPHB1",1.61
"2723","ETNPPL",-3.97
"2724","CDCA5",1.87
"2725","",-1.1
"2727","CEACAM6",2.67
"2728","",-1.03
"2729","WISP3",2.41
"2730","PDIA2",-1.25
"2732","LURAP1",-1.13
"2736","C20orf166-AS1",-1.05
